email,fname,lname,phone,password,newsletter,proxy
neweggtesting123@gmail.com,John,Doe,6178190200,NeweggPW123!,FALSE,79ilzhp5k5hc2.001.npx.is:10000
neweggtesting12.3@gmail.com,John,Doe,6178190201,NeweggPW123!,FALSE,pca82r24di3vw.001.npx.is:10000
neweggtesting1.23@gmail.com,John,Doe,6178190202,NeweggPW123!,FALSE,5o6km1y3yf8od.012.npx.is:10000
neweggtesting1.2.3@gmail.com,John,Doe,6178190203,NeweggPW123!,FALSE,j2g9adfu4drco.001.npx.is:10000
neweggtesting.123@gmail.com,John,Doe,6178190204,NeweggPW123!,FALSE,boz9t40gclz5b.012.npx.is:10000
neweggtesting.12.3@gmail.com,John,Doe,6178190205,NeweggPW123!,FALSE,rfwzzj74wg2gv.001.npx.is:10000
neweggtesting.1.23@gmail.com,John,Doe,6178190206,NeweggPW123!,FALSE,dupcqpjcvs9wo.001.npx.is:10000
neweggtesting.1.2.3@gmail.com,John,Doe,6178190207,NeweggPW123!,FALSE,5fsa8i7djy0x0.012.npx.is:10000
neweggtestin.g123@gmail.com,John,Doe,6178190208,NeweggPW123!,FALSE,z7u31f1kedzbc.001.npx.is:10000
neweggtestin.g12.3@gmail.com,John,Doe,6178190209,NeweggPW123!,FALSE,e4cqpojgdkcqb.012.npx.is:10000
neweggtestin.g1.23@gmail.com,John,Doe,6178190210,NeweggPW123!,FALSE,wg1xiu7xfy20e.012.npx.is:10000
neweggtestin.g1.2.3@gmail.com,John,Doe,6178190211,NeweggPW123!,FALSE,3aihl7kljrwbr.012.npx.is:10000
neweggtestin.g.123@gmail.com,John,Doe,6178190212,NeweggPW123!,FALSE,73e0kf3wxy4gr.012.npx.is:10000
neweggtestin.g.12.3@gmail.com,John,Doe,6178190213,NeweggPW123!,FALSE,7cl01ol7ved3f.012.npx.is:10000
neweggtestin.g.1.23@gmail.com,John,Doe,6178190214,NeweggPW123!,FALSE,8f8st5c16jrc3.012.npx.is:10000
neweggtestin.g.1.2.3@gmail.com,John,Doe,6178190215,NeweggPW123!,FALSE,rsbqdk86ijzxv.001.npx.is:10000
neweggtesti.ng123@gmail.com,John,Doe,6178190216,NeweggPW123!,FALSE,p3c3gmvkbgz1q.001.npx.is:10000
neweggtesti.ng12.3@gmail.com,John,Doe,6178190217,NeweggPW123!,FALSE,7bkso7lu86h95.001.npx.is:10000
neweggtesti.ng1.23@gmail.com,John,Doe,6178190218,NeweggPW123!,FALSE,fle4exw619zie.012.npx.is:10000
neweggtesti.ng1.2.3@gmail.com,John,Doe,6178190219,NeweggPW123!,FALSE,ik3kabxkp9ggi.012.npx.is:10000
neweggtesti.ng.123@gmail.com,John,Doe,6178190220,NeweggPW123!,FALSE,zqxogxz97fjzb.001.npx.is:10000
neweggtesti.ng.12.3@gmail.com,John,Doe,6178190221,NeweggPW123!,FALSE,3cwdc1zuhguj2.001.npx.is:10000
neweggtesti.ng.1.23@gmail.com,John,Doe,6178190222,NeweggPW123!,FALSE,fofv3pf4ryuuz.012.npx.is:10000
neweggtesti.ng.1.2.3@gmail.com,John,Doe,6178190223,NeweggPW123!,FALSE,q9grvee6bpg37.012.npx.is:10000
neweggtesti.n.g123@gmail.com,John,Doe,6178190224,NeweggPW123!,FALSE,pifodj6m35ga0.001.npx.is:10000
neweggtesti.n.g12.3@gmail.com,John,Doe,6178190225,NeweggPW123!,FALSE,25zzdrkrlid85.001.npx.is:10000
neweggtesti.n.g1.23@gmail.com,John,Doe,6178190226,NeweggPW123!,FALSE,skww8dxgdhy9k.012.npx.is:10000
neweggtesti.n.g1.2.3@gmail.com,John,Doe,6178190227,NeweggPW123!,FALSE,uo3sxxzd2xaz7.001.npx.is:10000
neweggtesti.n.g.123@gmail.com,John,Doe,6178190228,NeweggPW123!,FALSE,vrspqg00g0uqb.001.npx.is:10000
neweggtesti.n.g.12.3@gmail.com,John,Doe,6178190229,NeweggPW123!,FALSE,yjkq7xivo5cr5.012.npx.is:10000
neweggtesti.n.g.1.23@gmail.com,John,Doe,6178190230,NeweggPW123!,FALSE,jixv90q865zla.012.npx.is:10000
neweggtesti.n.g.1.2.3@gmail.com,John,Doe,6178190231,NeweggPW123!,FALSE,lfa1ge18sjxkg.012.npx.is:10000
neweggtest.ing123@gmail.com,John,Doe,6178190232,NeweggPW123!,FALSE,qtk9d3axf73lh.012.npx.is:10000
neweggtest.ing12.3@gmail.com,John,Doe,6178190233,NeweggPW123!,FALSE,teo0lwe2lq3t3.012.npx.is:10000
neweggtest.ing1.23@gmail.com,John,Doe,6178190234,NeweggPW123!,FALSE,xub0x78xahj6t.001.npx.is:10000
neweggtest.ing1.2.3@gmail.com,John,Doe,6178190235,NeweggPW123!,FALSE,hd4t2d7s9dzp8.012.npx.is:10000
neweggtest.ing.123@gmail.com,John,Doe,6178190236,NeweggPW123!,FALSE,pfmj58pt0kv58.001.npx.is:10000
neweggtest.ing.12.3@gmail.com,John,Doe,6178190237,NeweggPW123!,FALSE,jku1gty9z0d4i.001.npx.is:10000
neweggtest.ing.1.23@gmail.com,John,Doe,6178190238,NeweggPW123!,FALSE,lecu9hdozhjc8.012.npx.is:10000
neweggtest.ing.1.2.3@gmail.com,John,Doe,6178190239,NeweggPW123!,FALSE,lcdzeuoyqgedt.001.npx.is:10000
neweggtest.in.g123@gmail.com,John,Doe,6178190240,NeweggPW123!,FALSE,x4x41vylzwsa0.012.npx.is:10000
neweggtest.in.g12.3@gmail.com,John,Doe,6178190241,NeweggPW123!,FALSE,9ulr7txdpvm90.012.npx.is:10000
neweggtest.in.g1.23@gmail.com,John,Doe,6178190242,NeweggPW123!,FALSE,vz0z79r63e52i.001.npx.is:10000
neweggtest.in.g1.2.3@gmail.com,John,Doe,6178190243,NeweggPW123!,FALSE,sji6sto2p6rpl.012.npx.is:10000
neweggtest.in.g.123@gmail.com,John,Doe,6178190244,NeweggPW123!,FALSE,k24s05j8oa4m0.001.npx.is:10000
neweggtest.in.g.12.3@gmail.com,John,Doe,6178190245,NeweggPW123!,FALSE,34ccuoqlxw2iy.012.npx.is:10000
neweggtest.in.g.1.23@gmail.com,John,Doe,6178190246,NeweggPW123!,FALSE,j44gxauzw5v6g.012.npx.is:10000
neweggtest.in.g.1.2.3@gmail.com,John,Doe,6178190247,NeweggPW123!,FALSE,171ivwf9b2s5u.001.npx.is:10000
neweggtest.i.ng123@gmail.com,John,Doe,6178190248,NeweggPW123!,FALSE,s2j953eq69jsv.012.npx.is:10000
neweggtest.i.ng12.3@gmail.com,John,Doe,6178190249,NeweggPW123!,FALSE,h2pdfmuhcpd9v.001.npx.is:10000
